{"TimeStamp":"Sun Jul 31 23:32:11 2022\n","Circuits":{"ExitCode":"0","TraceCount":"17","Mode":"SPICE","Type":"TIFullMode","Models":[{"ModelName":"X_U1.Xe_n.DVN","FileName":"c:\\cds_spb_home\\cdssetup\\psptilibdir\\tlv6742 pspice model.lib","ModelType":".model","DeviceType":"D","Source":"FROM_INC","isLibSigned":"true","isAllowed":"true"},{"ModelName":"X_U1.Xi_nn.DVNF","FileName":"c:\\cds_spb_home\\cdssetup\\psptilibdir\\tlv6742 pspice model.lib","ModelType":".model","DeviceType":"D","Source":"FROM_INC","isLibSigned":"true","isAllowed":"true"},{"ModelName":"X_U1.Xi_np.DVNF","FileName":"c:\\cds_spb_home\\cdssetup\\psptilibdir\\tlv6742 pspice model.lib","ModelType":".model","DeviceType":"D","Source":"FROM_INC","isLibSigned":"true","isAllowed":"true"},{"ModelName":"X_U1.R_NOISELESS","FileName":"c:\\cds_spb_home\\cdssetup\\psptilibdir\\tlv6742 pspice model.lib","ModelType":".model","DeviceType":"R","Source":"FROM_INC","isLibSigned":"true","isAllowed":"true"},{"ModelName":"X_U1.S_VSWITCH_1","FileName":"c:\\cds_spb_home\\cdssetup\\psptilibdir\\tlv6742 pspice model.lib","ModelType":".model","DeviceType":"S","Source":"FROM_INC","isLibSigned":"true","isAllowed":"true"},{"ModelName":"X_U1.S_VSWITCH_10","FileName":"c:\\cds_spb_home\\cdssetup\\psptilibdir\\tlv6742 pspice model.lib","ModelType":".model","DeviceType":"S","Source":"FROM_INC","isLibSigned":"true","isAllowed":"true"},{"ModelName":"X_U1.S_VSWITCH_11","FileName":"c:\\cds_spb_home\\cdssetup\\psptilibdir\\tlv6742 pspice model.lib","ModelType":".model","DeviceType":"S","Source":"FROM_INC","isLibSigned":"true","isAllowed":"true"},{"ModelName":"X_U1.S_VSWITCH_2","FileName":"c:\\cds_spb_home\\cdssetup\\psptilibdir\\tlv6742 pspice model.lib","ModelType":".model","DeviceType":"S","Source":"FROM_INC","isLibSigned":"true","isAllowed":"true"},{"ModelName":"X_U1.S_VSWITCH_3","FileName":"c:\\cds_spb_home\\cdssetup\\psptilibdir\\tlv6742 pspice model.lib","ModelType":".model","DeviceType":"S","Source":"FROM_INC","isLibSigned":"true","isAllowed":"true"},{"ModelName":"X_U1.S_VSWITCH_4","FileName":"c:\\cds_spb_home\\cdssetup\\psptilibdir\\tlv6742 pspice model.lib","ModelType":".model","DeviceType":"S","Source":"FROM_INC","isLibSigned":"true","isAllowed":"true"},{"ModelName":"X_U1.S_VSWITCH_5","FileName":"c:\\cds_spb_home\\cdssetup\\psptilibdir\\tlv6742 pspice model.lib","ModelType":".model","DeviceType":"S","Source":"FROM_INC","isLibSigned":"true","isAllowed":"true"},{"ModelName":"X_U1.S_VSWITCH_6","FileName":"c:\\cds_spb_home\\cdssetup\\psptilibdir\\tlv6742 pspice model.lib","ModelType":".model","DeviceType":"S","Source":"FROM_INC","isLibSigned":"true","isAllowed":"true"},{"ModelName":"X_U1.S_VSWITCH_7","FileName":"c:\\cds_spb_home\\cdssetup\\psptilibdir\\tlv6742 pspice model.lib","ModelType":".model","DeviceType":"S","Source":"FROM_INC","isLibSigned":"true","isAllowed":"true"},{"ModelName":"X_U1.S_VSWITCH_8","FileName":"c:\\cds_spb_home\\cdssetup\\psptilibdir\\tlv6742 pspice model.lib","ModelType":".model","DeviceType":"S","Source":"FROM_INC","isLibSigned":"true","isAllowed":"true"},{"ModelName":"X_U1.S_VSWITCH_9","FileName":"c:\\cds_spb_home\\cdssetup\\psptilibdir\\tlv6742 pspice model.lib","ModelType":".model","DeviceType":"S","Source":"FROM_INC","isLibSigned":"true","isAllowed":"true"},{"ModelName":"CLAMP_AMP_HI_0","FileName":"c:\\cds_spb_home\\cdssetup\\psptilibdir\\tlv6742 pspice model.lib","ModelType":".subckt","DeviceType":"X","Source":"FROM_INC","isLibSigned":"true","isAllowed":"true"},{"ModelName":"CLAMP_AMP_LO_0","FileName":"c:\\cds_spb_home\\cdssetup\\psptilibdir\\tlv6742 pspice model.lib","ModelType":".subckt","DeviceType":"X","Source":"FROM_INC","isLibSigned":"true","isAllowed":"true"},{"ModelName":"FEMT_0","FileName":"c:\\cds_spb_home\\cdssetup\\psptilibdir\\tlv6742 pspice model.lib","ModelType":".subckt","DeviceType":"X","Source":"FROM_INC","isLibSigned":"true","isAllowed":"true"},{"ModelName":"OL_SENSE_0","FileName":"c:\\cds_spb_home\\cdssetup\\psptilibdir\\tlv6742 pspice model.lib","ModelType":".subckt","DeviceType":"X","Source":"FROM_INC","isLibSigned":"true","isAllowed":"true"},{"ModelName":"TLV6742","FileName":"c:\\cds_spb_home\\cdssetup\\psptilibdir\\tlv6742 pspice model.lib","ModelType":".subckt","DeviceType":"X","Source":"FROM_INC","isLibSigned":"true","isAllowed":"true"},{"ModelName":"VCCS_EXT_LIM_0","FileName":"c:\\cds_spb_home\\cdssetup\\psptilibdir\\tlv6742 pspice model.lib","ModelType":".subckt","DeviceType":"X","Source":"FROM_INC","isLibSigned":"true","isAllowed":"true"},{"ModelName":"VCCS_LIM_1_0","FileName":"c:\\cds_spb_home\\cdssetup\\psptilibdir\\tlv6742 pspice model.lib","ModelType":".subckt","DeviceType":"X","Source":"FROM_INC","isLibSigned":"true","isAllowed":"true"},{"ModelName":"VCCS_LIM_2_0","FileName":"c:\\cds_spb_home\\cdssetup\\psptilibdir\\tlv6742 pspice model.lib","ModelType":".subckt","DeviceType":"X","Source":"FROM_INC","isLibSigned":"true","isAllowed":"true"},{"ModelName":"VCCS_LIM_3_0","FileName":"c:\\cds_spb_home\\cdssetup\\psptilibdir\\tlv6742 pspice model.lib","ModelType":".subckt","DeviceType":"X","Source":"FROM_INC","isLibSigned":"true","isAllowed":"true"},{"ModelName":"VCCS_LIM_4_0","FileName":"c:\\cds_spb_home\\cdssetup\\psptilibdir\\tlv6742 pspice model.lib","ModelType":".subckt","DeviceType":"X","Source":"FROM_INC","isLibSigned":"true","isAllowed":"true"},{"ModelName":"VCCS_LIM_CLAW+_0","FileName":"c:\\cds_spb_home\\cdssetup\\psptilibdir\\tlv6742 pspice model.lib","ModelType":".subckt","DeviceType":"X","Source":"FROM_INC","isLibSigned":"true","isAllowed":"true"},{"ModelName":"VCCS_LIM_CLAW-_0","FileName":"c:\\cds_spb_home\\cdssetup\\psptilibdir\\tlv6742 pspice model.lib","ModelType":".subckt","DeviceType":"X","Source":"FROM_INC","isLibSigned":"true","isAllowed":"true"},{"ModelName":"VCCS_LIM_GR_0","FileName":"c:\\cds_spb_home\\cdssetup\\psptilibdir\\tlv6742 pspice model.lib","ModelType":".subckt","DeviceType":"X","Source":"FROM_INC","isLibSigned":"true","isAllowed":"true"},{"ModelName":"VCCS_LIM_ZO_0","FileName":"c:\\cds_spb_home\\cdssetup\\psptilibdir\\tlv6742 pspice model.lib","ModelType":".subckt","DeviceType":"X","Source":"FROM_INC","isLibSigned":"true","isAllowed":"true"},{"ModelName":"VCCS_LIMIT_IQ_0","FileName":"c:\\cds_spb_home\\cdssetup\\psptilibdir\\tlv6742 pspice model.lib","ModelType":".subckt","DeviceType":"X","Source":"FROM_INC","isLibSigned":"true","isAllowed":"true"},{"ModelName":"VNSE_0","FileName":"c:\\cds_spb_home\\cdssetup\\psptilibdir\\tlv6742 pspice model.lib","ModelType":".subckt","DeviceType":"X","Source":"FROM_INC","isLibSigned":"true","isAllowed":"true"}]}}